Bedrijfsnaam,Website,Locatie,Land,Segment,Sector,Geschatte Omvang,Doelcontact (Functie),Fit Score (1-5),Waarom Nu?,Huidige Situatie
Kreatix,kreatix.be,Antwerpen,België,Bureau,Webdesign & Marketing,10-50 medewerkers,"Zaakvoerder / Digital Director",5,"550+ projecten, beheert veel klantwebsites — multi-licentie potentieel","WordPress bureau, heeft cookie consent nodig voor klantensites"
Motionmill,motionmill.com,Antwerpen,België,Bureau,WordPress Webdesign,5-20 medewerkers,"Zaakvoerder",5,"Bouwt WordPress-sites die scoren in Google — SEO vereist goede cookie compliance","WordPress specialist, direct fit"
Datart,datart.be,Antwerpen,België,Bureau,WordPress & WooCommerce,5-20 medewerkers,"Zaakvoerder",5,"Sinds 2002 actief, veel klantensites — betaalbare oplossing gewenst","Ervaren bureau met WooCommerce focus"
XVE,xve.be,Antwerpen,België,Bureau,IT & Webdesign,5-20 medewerkers,"Zaakvoerder / IT Manager",4,"KMO's van A tot Z begeleiden — cookie consent als extra service","Full-service IT & web partner"
JamesBold,jamesbold.agency,Gent,België,Bureau,Branding & Webdesign,5-20 medewerkers,"Zaakvoerder",5,"KMO-portefeuille dienstverlener — klanten krijgen subsidie, budget voor tools","Erkend KMO-portefeuille bureau"
eXponent,sortlist.be,Gent,België,Bureau,WordPress & WooCommerce,5-20 medewerkers,"Zaakvoerder / Project Manager",4,"Full-service: WordPress/WooCommerce websites — consent nodig voor elke site","WordPress en WooCommerce specialist"
Graviteit,graviteit.be,Gent,België,Bureau,Communicatie & Webdesign,5-20 medewerkers,"Zaakvoerder",4,"Actief in heel Vlaanderen — veel klantwebsites","Communicatiebureau met webdesign"
ALYS,alys.be,Brussel,België,Bureau,Corporate Identity & WordPress,5-20 medewerkers,"Zaakvoerder",4,"Custom WordPress websites voor EU-organisaties en KMO's","Corporate WordPress specialist"
Weblabs,weblabs.be,Brussel,België,Bureau,Webdesign & Digital Marketing,10-30 medewerkers,"Zaakvoerder / Digital Director",4,"Profileert zich als beste webdesign bureau België — veel klanten","Ambitieus groeiend bureau"
Webhero,webhero.be,België,België,Bureau,Webdesign & SEO,15 medewerkers,"Zaakvoerder",5,"Google 'high potential agency' — 15-koppig team, veel klantensites","Door Google erkend bureau"
Yools Webdesign,yools.be,België,België,Bureau,Webdesign voor KMO's,10-30 medewerkers,"Zaakvoerder",5,"2500+ sites gebouwd, 1000+ actieve klanten — enorm multi-licentie potentieel","Grootste KMO webdesign bureau"
Bramigo,bramigo.be,België,België,Bureau,Webdesign & Hosting,5-15 medewerkers,"Zaakvoerder",4,"All-in-one (hosting + design) — cookie consent past perfect in aanbod","Alles-in-één webpartner"
Imaxx,imaxx.be,België,België,Bureau,Webdesign & Onderhoud,5-15 medewerkers,"Zaakvoerder",4,"Full-service: design, hosting, onderhoud — consent als extra dienst","Webdesign met onderhoudspakketten"
Publi P,publip.be,België,België,Bureau,Webdesign & Social Media,5-15 medewerkers,"Zaakvoerder",4,"Webdesign + social media + SEO voor KMO's","Full-service digitaal bureau"
Creatify,creatify.be,België,België,Bureau,Webdesign & SEO,5-15 medewerkers,"Zaakvoerder",4,"Webdesign, webshop, SEO en marketing — breed klantenpakket","Webshop en marketing bureau"
Seoptified,seoptified.be,België,België,Bureau,SEO & Webdesign,5-15 medewerkers,"Zaakvoerder",4,"SEO-focus = moet cookie compliance serieus nemen voor rankings","SEO specialist met webdesign"
Adwise,adwise.nl,Nederland,Nederland,Bureau,Full-service Digital Agency,50-200 medewerkers,"Digital Director / CTO",4,"#1 digital agency NL 2024 (Emerce 100) — veel enterprise klanten","Grootste digital agency NL"
Dept,deptagency.com,Nederland,Nederland,Bureau,Full-service Digital Agency,200+ medewerkers,"Privacy Officer / CTO",3,"Internationale agency — mogelijk al enterprise oplossing, maar referral potentieel","Grote internationale agency"
Ambrero Software,ambrero.nl,Nederland,Nederland,Bureau,Software & Web Development,10-50 medewerkers,"Zaakvoerder / CTO",4,"Hoogste score Emerce 2025 (6.5/7) — kwaliteitsbewust bureau","Top-rated software bureau"
Twentyseven (Handpicked),twentyseven.nl,Nederland,Nederland,Bureau,Digital Agency,10-50 medewerkers,"Zaakvoerder",4,"6.5/7 Emerce score — kwaliteitsgericht bureau met KMO klanten","Onderdeel van Handpicked groep"
De Voorhoede,voorhoede.nl,Nederland,Nederland,Bureau,Frontend & Webontwikkeling,10-30 medewerkers,"Zaakvoerder / CTO",4,"Nieuw in Emerce 100 — groeiend bureau met tech-focus","Frontend specialisten"
Coffee IT (Digital Club),coffeeit.nl,Nederland,Nederland,Bureau,App & Web Development,10-50 medewerkers,"Zaakvoerder",4,"Nieuw in Emerce 100 — mobiel + web = veel cookie consent nodig","App en web development"
DGTLbase,dgtlbase.com,Amsterdam,Nederland,Bureau,SEO & Webdesign,5-20 medewerkers,"Zaakvoerder",4,"Online marketing bureau voor MKB — direct fit voor ConsentEase","MKB marketing specialist"
MKB ClickService,mkbclickservice.nl,Utrecht,Nederland,Bureau,Websites & SEO voor MKB,5-15 medewerkers,"Zaakvoerder",5,"Puur MKB-gericht — websites, webshops, SEO — perfect segment","MKB webdesign specialist"
Bratpack,bratpack.nl,Amsterdam,Nederland,Bureau,Online Marketing,5-20 medewerkers,"Zaakvoerder",4,"Full-service online marketing voor MKB","Online marketing bureau"
Social Brothers,socialbrothers.nl,Utrecht,Nederland,Bureau,Data-driven Digital Growth,20-50 medewerkers,"CTO / Privacy Officer",4,"Data-driven = veel tracking = cookie consent essentieel","Data-driven growth bureau"
Bengelmedia,bengelmedia.nl,Amsterdam/Rotterdam,Nederland,Bureau,Marketing & PR,10-30 medewerkers,"Zaakvoerder",4,"Full-service marketing & PR voor MKB","Multi-city marketing bureau"
Ask Phill,askphill.com,Amsterdam,Nederland,Bureau,Shopify Plus Agency,50-70 medewerkers,"CTO / Technical Lead",5,"200+ Shopify stores gelanceerd — elk heeft cookie consent nodig","Shopify specialist, grote klantbasis"
Code (Domaine),code.digital,Amsterdam,Nederland,Bureau,Shopify Premier Partner,50-100 medewerkers,"CTO / Technical Director",5,"750+ webshops in portfolio — enorm multi-licentie potentieel","EU's eerste Shopify Plus Partner"
Webfluencer,webfluencer.nl,Amsterdam,Nederland,Bureau,Shopify Plus & E-commerce,10-30 medewerkers,"Zaakvoerder",4,"Award-winning e-commerce agency — cookie compliance voor klanten","E-commerce specialist"
Opklopper,opklopper.nl,Nederland/België,Nederland,Bureau,Shopify & E-commerce,5-20 medewerkers,"Zaakvoerder",5,"Actief in NL én BE — perfect voor Benelux ConsentEase strategie","Benelux Shopify partner"
Flatline Agency,flatlineagency.com,Nederland,Nederland,Bureau,Shopify Partner,10-30 medewerkers,"Zaakvoerder / CTO",4,"Actief in 6+ landen — internationaal cookiebeleid nodig","Internationale Shopify agency"
THAILS,thails.com,Nederland,Nederland,Bureau,Shopify Plus Agency,10-30 medewerkers,"Zaakvoerder",4,"Shopify Plus specialist — enterprise e-commerce klanten","Shopify Plus agency"
Nedfinity,nedfinity.com,Nederland,Nederland,Bureau,E-commerce & AI,10-30 medewerkers,"Zaakvoerder",4,"25 jaar ervaring — strategisch partner voor e-commerce klanten","Ervaren e-commerce bureau"
Schoenen Torfs,torfs.be,Temse,België,E-commerce,Schoenen & Mode,500+ medewerkers,"DPO / IT Manager / E-commerce Manager",4,"Online groeit 10% — 20% omzet is e-commerce — compliance essentieel","Grote Belgische retailer met groeiende webshop"
ZEB,zeb.be,België,België,E-commerce,Mode,200-500 medewerkers,"IT Manager / E-commerce Lead",4,"Belgische modeketen met webshop — GDPR compliance nodig","Belgische modeketen"
Bel&Bo,belandbo.be,België,België,E-commerce,Mode & Lifestyle,200-500 medewerkers,"E-commerce Manager / IT",4,"Belgische keten met online ambitie — cookie consent verplicht","Belgische mode retailer"
Vanden Borre,vandenborre.be,België,België,E-commerce,Elektronica,500+ medewerkers,"DPO / IT Director",3,"Lokale leider elektronica — waarschijnlijk al enterprise oplossing","Grote elektronica retailer"
Just Russel,justrussel.com,Gent,België,E-commerce / Startup,Dierenvoeding,20-50 medewerkers,"Founder / CTO",5,"+4.483% groei — Deloitte Fast 50 winnaar — snel groeiend e-commerce","Snelst groeiend digital commerce BE"
Loop Earplugs,loopearplugs.com,Antwerpen,België,E-commerce / Scale-up,Consumer Electronics,300+ medewerkers,"DPO / Legal / IT Manager",4,"+11.164% groei — internationaal actief — multi-markt cookie compliance","Deloitte Fast 50 winnaar 2024"
Hoplr,hoplr.com,Lokeren,België,SaaS / Startup,Buurtnetwerk Platform,10-30 medewerkers,"CTO / Founder",4,"Groeiend sociaal platform — gebruikersdata = strenge privacy vereisten","Social platform, privacy-gevoelig"
Vertuoza,vertuoza.com,Nijvel,België,SaaS / Startup,Enterprise Software,20-50 medewerkers,"CTO / Founder",4,"+2.009% groei — enterprise klanten verwachten compliance","Snelgroeiende enterprise SaaS"
Diabatix,diabatix.com,Leuven,België,SaaS / Startup,Engineering Software,10-30 medewerkers,"CTO / Founder",3,"Innovatief tech bedrijf — website compliance als basishygiëne","AI/engineering startup"
Aikido Security,aikido.dev,België,België,SaaS / Startup,Cybersecurity,10-30 medewerkers,"CTO / Founder",4,"Security-focused = privacy-bewust — cookie compliance past bij merk","Security startup, privacy-bewust"
o2o,o2o.be,België,België,SaaS / Scale-up,Fietsleasing,50-200 medewerkers,"IT Manager / DPO",4,"Consistent groeiend — Deloitte 'Most Sustainable Growth' — compliance nodig","Fietsleasing scale-up"
Keypoint,keypoint.be,Gistel,België,SaaS / Startup,FinTech,10-30 medewerkers,"CTO / Founder",4,"+2.419% groei — fintech = strenge privacy & compliance eisen","Snelgroeiende fintech"
Lizy,lizy.be,Brussel,België,SaaS / Startup,Mobility/Leasing,20-50 medewerkers,"CTO / Founder",4,"+3.674% groei — B2B leasing platform met klantportaal","Snelgroeiend mobility platform"
Odoo,odoo.com,Ramillies,België,SaaS / Enterprise,ERP/CRM,2000+ medewerkers,"DPO / Privacy Team",3,"Grootste Belgische SaaS — waarschijnlijk eigen oplossing, maar referral kansen","Belgische SaaS gigant"
Collibra,collibra.com,Brussel,België,SaaS / Enterprise,Data Intelligence,500+ medewerkers,"DPO / Legal",3,"Belgische unicorn — data governance bedrijf = cookie compliance is core","Data governance unicorn"
Showpad,showpad.com,Gent,België,SaaS / Scale-up,Sales Enablement,200-500 medewerkers,"DPO / Legal / IT",3,"Belgische SaaS scale-up — internationaal actief = multi-markt compliance","Internationaal actieve SaaS"
Deliverect,deliverect.com,Gent,België,SaaS / Scale-up,Restaurant Tech,100-300 medewerkers,"DPO / CTO",3,"Snelgroeiend restaurant-tech platform — website compliance nodig","Restaurant SaaS scale-up"
Lansweeper,lansweeper.com,België,België,SaaS / Scale-up,IT Asset Management,100-300 medewerkers,"IT Manager / DPO",3,"IT management bedrijf — zou cookie compliance serieus moeten nemen","IT asset management SaaS"
Coolblue,coolblue.be,Antwerpen (BE),België,E-commerce,Elektronica & Meer,5000+ medewerkers,"DPO / Privacy Team",2,"Marktleider — eigen enterprise oplossing waarschijnlijk, maar contact voor referrals","Grote e-commerce speler"
Weekend Creative Agency,weekendcreativeagency.nl,Nederland,Nederland,Bureau,Creative Agency,5-15 medewerkers,"Zaakvoerder",4,"Hoogste score Emerce (7/7) — klein maar kwaliteitsbewust","Top-rated kleine agency"
Boldly-XR (Handpicked),boldly-xr.nl,Nederland,Nederland,Bureau,XR & Digital,5-15 medewerkers,"Zaakvoerder",3,"7/7 Emerce — 3 jaar op rij — innovatief bureau","XR specialist bureau"
Stramark,stramark.nl,Nederland,Nederland,Bureau,SEO & SEA,10-30 medewerkers,"Zaakvoerder / CTO",4,"Emerce100 2022-2025 — veel klantwebsites die SEO optimaliseren","SEO/SEA specialist bureau"
De Maandelijkse Marketeer,demaandelijksemarketeer.nl,Tilburg,Nederland,Bureau,Marketing voor MKB,5-15 medewerkers,"Zaakvoerder",5,"Puur MKB-gericht — SEO, SEA, social, content — direct fit","MKB marketing specialist"
OMA (Online Marketing Agency),onlinemarketingagency.nl,Nederland,Nederland,Bureau,SEO/SEA/Social voor ZZP & MKB,5-20 medewerkers,"Zaakvoerder",5,"Specifiek ZZP & MKB — cookie consent als extra waarde voor klanten","ZZP & MKB specialist"
Grumspot,grumspot.com,Nederland,Nederland,Bureau,Shopify Plus Partner,10-30 medewerkers,"Zaakvoerder / CTO",4,"40+ Shopify Plus merchants — iDEAL + BTW compliance focus","Shopify Plus specialist NL"
Radikal,radikal.be,België,België,Bureau,E-commerce & Shopify Plus,10-30 medewerkers,"Zaakvoerder",5,"Shopify Plus partner — e-commerce focus = veel cookie tracking","Belgische Shopify specialist"
ESKIDOOS,eskidoos.be,Gent,België,Bureau,Webdesign & Marketing,5-15 medewerkers,"Zaakvoerder",4,"Webdesign + marketing + UX/UI in Gent","Gents webdesign bureau"
Matuvu,matuvu.be,Gent,België,Bureau,Webdesign & Digitale Strategie,5-15 medewerkers,"Zaakvoerder",4,"Webdesign + digitale strategie + fotografie","Strategisch webbureau Gent"
Stratenet,stratenet.be,België,België,Bureau,Digitale Strategie & SEO,5-20 medewerkers,"Zaakvoerder",4,"Digitale strategie + SEO + Google Ads — compliance nodig","Strategisch digitaal bureau"
Monday Coffee,mondaycoffee.be,België,België,Bureau,Webdesign & E-commerce,5-15 medewerkers,"Zaakvoerder",4,"Webdesign, branding, e-commerce, marketing — breed aanbod","Full-service creatief bureau"
Funkey,funkey.be,Gent,België,SaaS / Startup,Media & Entertainment,10-30 medewerkers,"CTO / Founder",4,"+774% groei — media/entertainment = veel tracking & cookies","Groeiend media-tech bedrijf"
Inopsys,inopsys.com,Mechelen,België,SaaS / Startup,Sustainability Tech,10-30 medewerkers,"CTO / Founder",3,"+790% groei — duurzaamheid past bij transparante cookie practices","Clean-tech startup"
Ants Agency,ants.agency,Gent/Antwerpen,België,Bureau,Digital Marketing,10-30 medewerkers,"Zaakvoerder",4,"Full-service digitale marketing met senior experts — veel klantwebsites","Full-service digital marketing"
Add Value,addvalue-agency.be,Antwerpen,België,Bureau,Growth Marketing & SEO,5-20 medewerkers,"Zaakvoerder",4,"Google Ads + SEO + webdesign — tracking vereist cookie consent","Growth marketing agency"
Krachtig Online,krachtigonline.be,Kempen (Antwerpen),België,Bureau,Marketing & Social Media,10-30 medewerkers,"Zaakvoerder",5,"200+ KMO klanten — groot volume = multi-licentie potentieel","200+ KMO klanten"
ClickForest,clickforest.com,Mechelen/Antwerpen,België,Bureau,Shopify & Performance Marketing,10-30 medewerkers,"Zaakvoerder",5,"Shopify partner + performance marketing voor KMO's & startups — webshops vanaf €3.995","Shopify partner met KMO focus"
The Bakery,wearethebakery.agency,Antwerpen,België,Bureau,Inbound Marketing,5-20 medewerkers,"Zaakvoerder",4,"Inbound marketing + online advertising — tracking = cookies","Performance marketing bureau"
Mañana,manjana.be,België,België,Bureau,SEO & Marketing Automatisatie,5-20 medewerkers,"Zaakvoerder",4,"SEO + CRO + automatisatie voor groeiende KMO's","SEO en automatisatie specialist"
Intracto Digital Agency,intracto.com,Herentals (Antwerpen),België,Bureau,Online Marketing & E-commerce,50-100 medewerkers,"Digital Director / CTO",4,"Groot bureau met breed klantenpakket — online marketing + e-commerce","Groot digital agency Vlaanderen"
One2Be,one2be.com,Gent,België,Bureau,Online Marketing & Webdesign,5-15 medewerkers,"Zaakvoerder",4,"Online marketing en webdesign voor KMO's in Gent","Gents online marketing bureau"
Yellowshape,yellowshape.be,Antwerpen,België,Bureau,Websites & Marketing voor KMO's,5-15 medewerkers,"Zaakvoerder",5,"Specifiek websites + online marketing voor KMO's — direct fit","KMO webdesign specialist Antwerpen"
Weblab Studio,weblabstudio.be,Berchem (Antwerpen),België,Bureau,Webdesign & Online Marketing,5-15 medewerkers,"Zaakvoerder",4,"Webdesign + online marketing — klantgericht bureau","Klantgericht webbureau"
FCR Media,fcrmedia.be,België (nationaal),België,Bureau,Lokale Digitale Marketing,200+ medewerkers,"Account Manager / Digital Director",5,"Nationale dekking — bedrijvengids + digitale marketing voor alle KMO's — enorm bereik","Grootste lokale marketing partner BE"
Brandsome,brandsome.be,Antwerpen,België,Bureau,AI-first Growth Studio,5-20 medewerkers,"Zaakvoerder",4,"AI-first growth studio voor scale-ups & B2B — innovatief segment","Innovatief growth bureau"
June20,june20.be,Antwerpen/Gent,België,Bureau,Brand Communications & Digital,10-30 medewerkers,"Zaakvoerder",4,"Brand communications + digital — beheren klantwebsites","Brand & digital communicatie"
dear digital,deardigital.be,Gent,België,Bureau,Shopify Premier Partner & E-commerce,10-30 medewerkers,"Zaakvoerder / CTO",5,"Eerste Shopify Premier Partner in België — veel e-commerce klanten","Shopify Premier Partner BE #1"
Dynamate,dynamate.be,België,België,Bureau,Shopify Plus & ERP Integratie,10-30 medewerkers,"Zaakvoerder / CTO",4,"Shopify Plus + ERP/CRM integraties — complexe webshops","Shopify Plus integrator"
Meteor,meteor.be,België,België,Bureau,E-commerce (Shopify & Shopware),10-30 medewerkers,"Zaakvoerder",4,"Full-service e-commerce — Shopify + Shopware webshops","Multi-platform e-commerce bureau"
Take The Lead,takethelead.be,Antwerpen,België,Bureau,E-commerce B2C & B2B,10-30 medewerkers,"Zaakvoerder",4,"Multi-platform (Shopify + Magento + Shopware) — veel webshops","E-commerce multi-platform bureau"
Ferm Creative,fermcreative.be,West-Vlaanderen,België,Bureau,WordPress & Branding,5-15 medewerkers,"Zaakvoerder",4,"WordPress websites + branding voor KMO's West-Vlaanderen","WordPress bureau West-Vlaanderen"
Omega Websolutions,omegawebsolutions.be,Wingene,België,Bureau,WordPress & SEO,5-15 medewerkers,"Zaakvoerder",4,"WordPress + SEO + online marketing in West-Vlaanderen","WordPress specialist West-Vl."
KMO Design,kmodesign.be,Lichtervelde,België,Bureau,Websites & Webshops voor KMO's,5-10 medewerkers,"Zaakvoerder",5,"Naam zegt het al — 100% KMO-gericht: websites + webshops + marketing","Pure KMO webdesign specialist"
JD Design,jd-design.be,Lichtervelde (Roeselare),België,Bureau,Webdesign & Digital Marketing,1-5 medewerkers,"Zaakvoerder",4,"Betaalbaar webdesign voor KMO's regio Roeselare-Brugge","Betaalbaar webdesign bureau"
Varamedia,varamedia.be,West-Vlaanderen,België,Bureau,Websites & Leadgeneratie,5-15 medewerkers,"Zaakvoerder",4,"Laagste tarieven in sector — websites + SEO + leadgeneratie","Budget-vriendelijk webbureau"
Minsky,minsky.be,Brussel,België,Bureau,UX/Webdesign/SEO,5-20 medewerkers,"Zaakvoerder",4,"UX + webdesign + development + SEO — breed aanbod Brussel","UX-gericht webbureau Brussel"
Anais Digital,anais.digital,Brussel,België,Bureau,UX/UI & Web/Mobile Apps,5-20 medewerkers,"Zaakvoerder",4,"Web & mobile apps + e-commerce — Franstalig Brussels bureau","Franstalig digital agency"
Boostern,boostern.be,Brussel,België,Bureau,Webdesign & Development,5-15 medewerkers,"Zaakvoerder",4,"Webdesign + development + digitale communicatie","Brussels webdesign bureau"
Conversal,conversal.be,Brussel,België,Bureau,Webdesign & Digital Marketing,5-15 medewerkers,"Zaakvoerder",4,"Webdesign + development + digitale marketing — Nederlandstalig Brussel","Nederlandstalig bureau Brussel"
Brainlane,brainlane.be,Brussel,België,Bureau,Full-service Web & E-commerce,10-30 medewerkers,"Zaakvoerder",4,"Full-service: web + SEO + e-commerce + branding — NL/FR","Tweetalig full-service bureau"
Mentall,mentall.be,Hasselt,België,Bureau,Branding & Webdesign,10-30 medewerkers,"Zaakvoerder",4,"Branding + rebranding + webdesign + videoproductie — creatief bureau Limburg","Creatief bureau Hasselt"
Liswood & Tache,liswood-tache.com,Hasselt,België,Bureau,Strategie & Development,10-30 medewerkers,"Zaakvoerder / Digital Director",4,"Strategie + concept + design + development + performance marketing","Strategisch bureau Limburg"
Cology Digital,cologydigital.com,Maasmechelen,België,Bureau,Online Marketing & SEO,5-15 medewerkers,"Zaakvoerder",4,"SEO + SEA + social media — actief in Hasselt & Genk regio","Online marketing Limburg"
We aRe Connected,weareconnected.be,Limburg,België,Bureau,Webdesign & Online Marketing,5-15 medewerkers,"Zaakvoerder",4,"Webdesign + webshops + online marketing + communicatie","Limburgs webdesign bureau"
Nova,wearenova.be,Genk,België,Bureau,Full-service Marketing,10-30 medewerkers,"Zaakvoerder",4,"Full-service marketingcrew uit Genk — breed klantenpakket","Marketing agency Genk"
Hiddel,hiddel.be,Limburg,België,Bureau,Content Marketing & SEO,5-15 medewerkers,"Zaakvoerder",4,"Data-gedreven content marketing + SEO + webdesign","Data-gedreven marketing Limburg"
Cartel Agency,cartel.agency,Limburg,België,Bureau,Digital & Branding,5-15 medewerkers,"Zaakvoerder",4,"Digitale oplossingen + branding + innovatieve technologie","Innovatief digitaal bureau"
IT Experts,msp.itexperts.be,Vlaanderen,België,Bureau,Managed IT Services,10-50 medewerkers,"Zaakvoerder / IT Director",3,"MSP voor KMO's — 20+ jaar ervaring — IT-partner die cookie consent kan doorverkopen","IT managed services provider"
Disprimo,disprimo.be,Antwerpen/Mechelen,België,Bureau,IT Support & Cloud,10-30 medewerkers,"Zaakvoerder",3,"IT support voor KMO's heel Vlaanderen — kan ConsentEase aanbevelen aan klanten","IT support provider KMO's"
K-Force,k-force.be,Vlaanderen,België,Bureau,ICT-dienstverlening,20-50 medewerkers,"Zaakvoerder / Sales",3,"ICT-dienstverlener op maat van KMO's — breed klantenbestand","ICT partner voor KMO's"
Techne (Savaco One),techne.be,Vlaanderen,België,Bureau,IT-oplossingen KMO & VZW,50-200 medewerkers,"Sales Manager / Account Manager",3,"35+ jaar ervaring — honderden specialisten — groot klantenbestand","Ervaren IT-speler Vlaanderen"
4BS,4bs.com,Antwerpen,België,Bureau,IT Support KMO's,10-30 medewerkers,"Zaakvoerder",3,"30+ jaar ervaring IT voor KMO's Antwerpen — vertrouwde partner","IT bureau Antwerpen"
MondoMarketing,mondomarketing.nl,Nederland,Nederland,Bureau,Full-service Digital Marketing,5-20 medewerkers,"Zaakvoerder",5,"#1 Kleine Digital Agency FONK150 (score 9.73) — kwaliteitsbewust","Best beoordeeld klein bureau NL"
Slagter Media,slagter.media,Gouda,Nederland,Bureau,SEO/SEA/Social voor MKB,5-15 medewerkers,"Zaakvoerder",5,"MKB specialist — betaalbaar (€200-€1000/mnd) — direct fit segment","MKB marketing specialist"
DoubleSmart,doublesmart.nl,Nederland,Nederland,Bureau,MKB Growth Strategy,5-15 medewerkers,"Zaakvoerder",4,"Strategie + MKB growth — helpt bedrijven professionaliseren","MKB growth bureau"
SDIM,sdim.nl,Nederland,Nederland,Bureau,SEA/SEO/CRO B2B & B2C,10-30 medewerkers,"Zaakvoerder / CTO",4,"Performance marketing B2B & B2C — tracking = cookies","Performance marketing bureau"
Fingerspitz,fingerspitz.nl,Nederland,Nederland,Bureau,Performance Marketing & E-commerce,10-30 medewerkers,"Zaakvoerder / CTO",4,"Performance marketing + e-commerce — data-driven = cookie consent essentieel","Data-driven performance bureau"
Flowboost,flowboost.nl,Nederland,Nederland,Bureau,E-commerce & ROI Marketing,5-20 medewerkers,"Zaakvoerder",4,"ROI-gedreven e-commerce marketing — webshop klanten","E-commerce marketing specialist"
Yellowgrape,yellowgrape.nl,Nederland,Nederland,Bureau,CRO & E-mail Marketing,10-30 medewerkers,"Zaakvoerder / CTO",4,"CRO + e-mail marketing + D2C — consent management cruciaal","CRO & D2C specialist"
Jouw Mediateam,jouwmediateam.nl,Amsterdam,Nederland,Bureau,Strategie & Merkidentiteit,5-15 medewerkers,"Zaakvoerder",4,"Strategie + merkidentiteit — beheert klantwebsites","Strategisch mediateam Amsterdam"
Kwaaijongens,kwaaijongens.nl,Eindhoven/Den Bosch,Nederland,Bureau,Lokale SEO & WordPress,5-15 medewerkers,"Zaakvoerder",5,"Lokale SEO + WordPress + MKB coaching — perfect ConsentEase segment","Lokale SEO specialist MKB"
SmartRanking,smartranking.nl,Nederland,Nederland,Bureau,100% SEO Specialist,10-30 medewerkers,"Zaakvoerder / CTO",4,"Pure SEO bureau — technisch + content + linkbuilding — cookie compliance voor klanten","Pure SEO specialist NL"
Hallo,hallo.eu,Amsterdam/Rotterdam,Nederland,Bureau,Managed IT & Werkplek,350 medewerkers,"Sales Manager / Account Manager",3,"14.800+ klanten — enorm bereik — kan ConsentEase aanbevelen","Grootste MSP Nederland"
Techone,techone.nl,Nederland (17+ locaties),Nederland,Bureau,Managed IT & Cybersecurity,200+ medewerkers,"Sales Director / Partner Manager",3,"#1 MSP Nederland — 30 overnames in 2 jaar — groot en groeiend klantenbestand","Grootste managed IT provider NL"
Netron ICT,netron.nl,Nederland,Nederland,Bureau,IT-beheer & Webontwikkeling,5-15 medewerkers,"Zaakvoerder",4,"IT-beheer + webontwikkeling + hosting + SEO — breed aanbod voor MKB","IT en web combo bureau"
SPINO,spino.nl,Nieuwegein,Nederland,Bureau,Managed IT voor Startups,5-15 medewerkers,"Zaakvoerder",4,"IT voor startups en scale-ups — groeiende bedrijven die compliance nodig hebben","IT partner voor startups"
Websitekoers,webdesigner-eindhoven.nl,Eindhoven,Nederland,Bureau,WordPress & SEO,1-5 medewerkers,"Zaakvoerder",4,"20+ jaar WordPress ervaring Eindhoven — veel klantwebsites","WordPress veteran Eindhoven"
Connexx,webdesignbureau.nl,Eindhoven,Nederland,Bureau,Full-service Webdesign,10-30 medewerkers,"Zaakvoerder",4,"Sinds 1999 — maatwerk weboplossingen Eindhoven — breed klantenpakket","Ervaren webbureau Eindhoven"
Studio Projectie,projectie.com,Eindhoven,Nederland,Bureau,Branding & AI Development,10-30 medewerkers,"Zaakvoerder / CTO",4,"23 jaar als digital agency — MKB klanten besteden gem. €7.500 per website","Gevestigd digital agency"
